{
    "value0": {
        "cam_names": [
            "/ir_camera1",
            "/ir_camera2"
        ],
        "T_imu_body": {
            "px": 0.0,
            "py": 0.0,
            "pz": 0.0,
            "qx": 0.0,
            "qy": 0.0,
            "qz": 0.0,
            "qw": 1.0
        },
        "T_imu_cam": [
            {
                "px": 0.0,
                "py": 0.0,
                "pz": 0.0,
                "qx": 0.0,
                "qy": 0.0,
                "qz": 0.0,
                "qw": 1.0
            },
            {
                "px": -0.03931336370647408,
                "py": -0.0017542326685218233,
                "pz": 0.00248370399716083,
                "qx": -0.017197186682658826,
                "qy": 0.007704398722580474,
                "qz": -0.000971215842153998,
                "qw": 0.9998219620263966
            }
        ],
        "intrinsics": [
            {
                "camera_type": "kb4",
                "intrinsics": {
                    "fx": 2026.7140869991502,
                    "fy": 2039.766149966237,
                    "cx": 362.46461558276459,
                    "cy": 257.51493446657227,
                    "k1": 0.10139895697823272,
                    "k2": 6.300292687278158,
                    "k3": -276.412300766168,
                    "k4": 3701.4932292118667
                }
            },
            {
                "camera_type": "kb4",
                "intrinsics": {
                    "fx": 1059.418071278574,
                    "fy": 1065.7395739712998,
                    "cx": 337.3222720129816,
                    "cy": 258.61853293262495,
                    "k1": 0.08909054004011864,
                    "k2": -2.3626295923886224,
                    "k3": 43.50488674705818,
                    "k4": -172.65423630828458
                }
            }
        ],
        "resolution": [
            [
                640,
                512
            ],
            [
                640,
                512
            ]
        ],
        "calib_accel_bias": [
            0.0,
            0.0,
            0.0,
            0.0,
            0.0,
            0.0,
            0.0,
            0.0,
            0.0
        ],
        "calib_gyro_bias": [
            0.0,
            0.0,
            0.0,
            0.0,
            0.0,
            0.0,
            0.0,
            0.0,
            0.0,
            0.0,
            0.0,
            0.0
        ],
        "imu_name": "",
        "imu_update_rate": 200.0,
        "accel_noise_std": [
            0.016,
            0.016,
            0.016
        ],
        "gyro_noise_std": [
            0.000282,
            0.000282,
            0.000282
        ],
        "accel_bias_std": [
            0.001,
            0.001,
            0.001
        ],
        "gyro_bias_std": [
            0.0001,
            0.0001,
            0.0001
        ],
        "stereo_pairs": [],
        "cam_time_offset_ns": 0,
        "vignette": []
    }
}