{
    "value0": {
        "cam_names": [
            "/ir_camera1",
            "/ir_camera2"
        ],
        "T_imu_body": {
            "px": 0.0,
            "py": 0.0,
            "pz": 0.0,
            "qx": 0.0,
            "qy": 0.0,
            "qz": 0.0,
            "qw": 1.0
        },
        "T_imu_cam": [
            {
                "px": 0.0,
                "py": 0.0,
                "pz": 0.0,
                "qx": 0.0,
                "qy": 0.0,
                "qz": 0.0,
                "qw": 1.0
            },
            {
                "px": -0.03935004329437749,
                "py": -0.0017439751688935564,
                "pz": 0.009182370121999182,
                "qx": -0.013607007313868857,
                "qy": 0.007049556524304787,
                "qz": -0.00006594994539996204,
                "qw": 0.9998825674824898
            }
        ],
        "intrinsics": [
            {
                "camera_type": "pinhole-radtan8",
                "intrinsics": {
                    "fx": 1995.3216452278953,
                    "fy": 2013.9085809427957,
                    "cx": 149.09672650129736,
                    "cy": 308.1429726198604,
                    "k1": -32.45787428393619,
                    "k2": 151.8057879953675,
                    "p1": 0.010534463291097715,
                    "p2": -0.014782543560599149,
                    "k3": 1974.0241858218895,
                    "k4": -32.24993722481566,
                    "k5": 143.9175240414283,
                    "k6": 2048.8362618338408,
                    "rpmax": 0.0
                }
            },
            {
                "camera_type": "pinhole-radtan8",
                "intrinsics": {
                    "fx": 1037.6524739323343,
                    "fy": 1049.6029377207404,
                    "cx": 224.1079988819028,
                    "cy": 276.91996670522397,
                    "k1": -78.75057948560397,
                    "k2": 3176.989321223086,
                    "p1": 0.008983022741361828,
                    "p2": -0.006390148394214288,
                    "k3": -11317.61499799444,
                    "k4": -78.69666194947567,
                    "k5": 3170.9253194769455,
                    "k6": -10942.700957890791,
                    "rpmax": 0.0
                }
            }
        ],
        "resolution": [
            [
                640,
                512
            ],
            [
                640,
                512
            ]
        ],
        "calib_accel_bias": [
            0.0,
            0.0,
            0.0,
            0.0,
            0.0,
            0.0,
            0.0,
            0.0,
            0.0
        ],
        "calib_gyro_bias": [
            0.0,
            0.0,
            0.0,
            0.0,
            0.0,
            0.0,
            0.0,
            0.0,
            0.0,
            0.0,
            0.0,
            0.0
        ],
        "imu_name": "",
        "imu_update_rate": 200.0,
        "accel_noise_std": [
            0.016,
            0.016,
            0.016
        ],
        "gyro_noise_std": [
            0.000282,
            0.000282,
            0.000282
        ],
        "accel_bias_std": [
            0.001,
            0.001,
            0.001
        ],
        "gyro_bias_std": [
            0.0001,
            0.0001,
            0.0001
        ],
        "stereo_pairs": [],
        "cam_time_offset_ns": 0,
        "vignette": []
    }
}